{
    "version": 2,
    "name": "Prusa i3 Mk3/Mk3s",
    "inherits": "fdmprinter",
    "metadata":
    {
        "visible": true,
        "author": "Prusa Research",
        "manufacturer": "Prusa3D",
        "file_formats": "text/x-gcode",
        "platform": "Original_Prusa_i3_MK3S_MK3_platform.3mf",
        "has_materials": true,
        "icon": "icon_ultimaker2",
        "machine_extruder_trains": { "0": "prusa_i3_mk3_extruder_0" }
    },
    "overrides":
    {
        "adhesion_type": { "default_value": "skirt" },
        "gantry_height": { "value": 28 },
        "layer_height": { "default_value": 0.15 },
        "layer_height_0": { "default_value": 0.2 },
        "machine_acceleration": { "default_value": 1000 },
        "machine_center_is_zero": { "default_value": false },
        "machine_depth": { "default_value": 210 },
        "machine_end_gcode": {"default_value": "M104 S0 ; turn off extruder\nM140 S0 ; turn off heatbed\nM84 ; disable motors\n"},       
        "machine_gcode_flavor": { "default_value": "RepRap (Marlin/Sprinter)" },
        "machine_head_with_fans_polygon":
        {
            "default_value": [
                [-31, 31],
                [34, 31],
                [34, -40],
                [-31, -40]
            ]
        },
        "infill_density": { "default_value": 20 },
        "infill_speed": { "default_value": 80 },
        "perimeter_speed": { "default_value": 50 },
        "solid_infill_speed": { "default_value": 20 },
        "fan_below_layer_time": { "default_value": 60 },
        "disable_fan_first_layers": { "default_value": 3 },
        "cooling": { "default_value": false },
        "retract_length": { "default_value": 2 },
        "retract_speed": { "default_value": 40 },
        "support_material_contact_distance": { "default_value": 0.2 },
        "support_material_spacing": { "default_value": 2.5 },

        "machine_heated_bed": { "default_value": true },
        "machine_height": { "default_value": 210 },
        "machine_max_acceleration_z": { "default_value": 500 },
        "machine_max_feedrate_e": { "default_value": 0 },
        "machine_max_feedrate_z": { "default_value": 12 },
        "machine_max_jerk_e": { "default_value": 2.5 },
        "machine_max_jerk_xy": { "default_value": 10 },
        "machine_max_jerk_z": { "default_value": 0.2 },
        "machine_name": { "default_value": "Prusa i3 Mk3/Mk3s" },
        "machine_nozzle_size": { "default_value": 0.4 },
        "machine_start_gcode": {"default_value": "G28 ; home all axes\nG1 Z5 F5000 ; lift nozzle\nM104 S{material_print_temperature_layer_0} ; set extruder temp\nM140 S{material_bed_temperature_layer_0} ; set bed temp\nM190 S{material_bed_temperature_layer_0} ; wait for bed temp\nM109 S{material_print_temperature_layer_0} ; wait for extruder temp"},
        "machine_start_gcode_first": { "default_value": "G28 ; home all axes\nG1 Z15 F3000 ; lift nozzle" },
        "machine_extruder_prestart_code": { "default_value": "G92 E0 ; reset extruder\nG1 E3 F200 ; prime extruder" },
        "machine_extruder_change_duration": { "default_value": 0 },
        "retraction_combing_avoid_distance": { "default_value": 0.5 },
        "raft_base_flow": { "default_value": 100 },
        "raft_interface_flow": { "default_value": 100 },
        "raft_surface_flow": { "default_value": 100 },
        "extra_infill_lines_to_support_skins": { "default_value": 1 },
        "seam_overhang_angle": { "default_value": 90 },
        "z_seam_on_vertex": { "default_value": false },
        "scarf_joint_seam_length": { "default_value": 0 },
        "scarf_joint_seam_start_height_ratio": { "default_value": 1.0 },
        "scarf_split_distance": { "default_value": 0.2 },
        "wall_0_speed_split_distance": { "default_value": 0.5 },
        "wall_0_start_speed_ratio": { "default_value": 0.5 },
        "wall_0_acceleration": { "default_value": 500 },
        "wall_0_end_speed_ratio": { "default_value": 0.5 },
        "wall_0_deceleration": { "default_value": 500 },
        "gradual_flow_enabled": { "default_value": false },
        "build_volume_fan_nr": { "default_value": 0 },
        "cool_during_extruder_switch": { "default_value": false },
        "roofing_layer_count": { "default_value": 3 },
        "machine_width": { "default_value": 250 },
        "material_diameter": { "default_value": 1.75 },
        "retraction_amount": { "default_value": 0.8 },
        "retraction_speed": { "default_value": 35 }
    }
}